Workbook

Sheet Overall
K2: Input Number
B3: catalogue | C3: Input a | E3: Input b | G3: Output c | I3: over_mul_under | K3: Input ID | L3: Status | M3: BIN | Q3: DEC
C4: Status | D4: Case ID | E4: Status | F4: Case ID | G4: Status | H4: Case ID | M4: Sign | N4: Exponent | O4: Fraction | P4: Value | Q4: Sign | R4: Exponent | S4: Fraction | T4: Value
B5: 1 | C5: Underflow | E5: Underflow | G5: Underflow | I5: 0 | K5: 1 | L5: Underflow | M5: 0 | N5: 00000000 | O5: 00000000000000000000001 | P5: =_xlfn.TEXTJOIN("",,$M5,$N5,$O5) -> 00000000000000000000000000000001 | Q5: =BIN2DEC($M5) -> 0 | R5: =BIN2DEC($N5) -> 0 | S5: {=SUMPRODUCT(MID($O5,ROW(INDIRECT("1:23")),1)*2^(-ROW(INDIRECT("1:23"))))} -> 1.1920929e-07 | T5: =IF($R5=0, (-1)^$Q5 * $S5 * 2^(-126), (-1)^$Q5 * (1 + $S5) * 2^($R5 - 127) ) -> 1.4012985e-45
B6: 2 | C6: Underflow | E6: Overflow | G6: NaN | I6: 1 | K6: 2 | L6: Underflow | M6: 0 | N6: 00000000 | O6: 01000000000000000000010 | P6: =_xlfn.TEXTJOIN("",,$M6,$N6,$O6) -> 00000000001000000000000000000010 | Q6: =BIN2DEC($M6) -> 0 | R6: =BIN2DEC($N6) -> 0 | S6: {=SUMPRODUCT(MID($O6,ROW(INDIRECT("1:23")),1)*2^(-ROW(INDIRECT("1:23"))))} -> 0.25000024 | T6: =IF($R6=0, (-1)^$Q6 * $S6 * 2^(-126), (-1)^$Q6 * (1 + $S6) * 2^($R6 - 127) ) -> 2.9387387e-39
B7: 3 | C7: Underflow | E7: Normal | G7: Underflow | I7: 0 | K7: 3 | L7: Underflow | M7: 0 | N7: 00000000 | O7: 11111111111111111111111 | P7: =_xlfn.TEXTJOIN("",,$M7,$N7,$O7) -> 00000000011111111111111111111111 | Q7: =BIN2DEC($M7) -> 0 | R7: =BIN2DEC($N7) -> 0 | S7: {=SUMPRODUCT(MID($O7,ROW(INDIRECT("1:23")),1)*2^(-ROW(INDIRECT("1:23"))))} -> 0.99999988 | T7: =IF($R7=0, (-1)^$Q7 * $S7 * 2^(-126), (-1)^$Q7 * (1 + $S7) * 2^($R7 - 127) ) -> 1.1754942e-38
B8: 4 | C8: Overflow | E8: Underflow | G8: NaN | I8: 1 | K8: 4 | L8: Underflow | M8: 1 | N8: 00000000 | O8: 00000000000000000000001 | P8: =_xlfn.TEXTJOIN("",,$M8,$N8,$O8) -> 10000000000000000000000000000001 | Q8: =BIN2DEC($M8) -> 1 | R8: =BIN2DEC($N8) -> 0 | S8: {=SUMPRODUCT(MID($O8,ROW(INDIRECT("1:23")),1)*2^(-ROW(INDIRECT("1:23"))))} -> 1.1920929e-07 | T8: =IF($R8=0, (-1)^$Q8 * $S8 * 2^(-126), (-1)^$Q8 * (1 + $S8) * 2^($R8 - 127) ) -> -1.4012985e-45
B9: 5 | C9: Overflow | E9: Overflow | G9: Overflow | I9: 0 | K9: 5 | L9: Underflow | M9: 1 | N9: 00000000 | O9: 01000000000000000000010 | P9: =_xlfn.TEXTJOIN("",,$M9,$N9,$O9) -> 10000000001000000000000000000010 | Q9: =BIN2DEC($M9) -> 1 | R9: =BIN2DEC($N9) -> 0 | S9: {=SUMPRODUCT(MID($O9,ROW(INDIRECT("1:23")),1)*2^(-ROW(INDIRECT("1:23"))))} -> 0.25000024 | T9: =IF($R9=0, (-1)^$Q9 * $S9 * 2^(-126), (-1)^$Q9 * (1 + $S9) * 2^($R9 - 127) ) -> -2.9387387e-39
B10: 6 | C10: Overflow | E10: Normal | G10: Overflow | I10: 0 | K10: 6 | L10: Underflow | M10: 1 | N10: 00000000 | O10: 11111111111111111111111 | P10: =_xlfn.TEXTJOIN("",,$M10,$N10,$O10) -> 10000000011111111111111111111111 | Q10: =BIN2DEC($M10) -> 1 | R10: =BIN2DEC($N10) -> 0 | S10: {=SUMPRODUCT(MID($O10,ROW(INDIRECT("1:23")),1)*2^(-ROW(INDIRECT("1:23"))))} -> 0.99999988 | T10: =IF($R10=0, (-1)^$Q10 * $S10 * 2^(-126), (-1)^$Q10 * (1 + $S10) * 2^($R10 - 127) ) -> -1.1754942e-38
B11: 7 | C11: Normal | E11: Underflow | G11: Underflow | I11: 0 | K11: 7 | L11: Overflow | M11: 0 | N11: 11111111 | O11: 00000000000000000000001 | P11: =_xlfn.TEXTJOIN("",,$M11,$N11,$O11) -> 01111111100000000000000000000001 | Q11: =BIN2DEC($M11) -> 0 | R11: =BIN2DEC($N11) -> 255 | S11: {=SUMPRODUCT(MID($O11,ROW(INDIRECT("1:23")),1)*2^(-ROW(INDIRECT("1:23"))))} -> 1.1920929e-07 | T11: =IF($R11=0, (-1)^$Q11 * $S11 * 2^(-126), (-1)^$Q11 * (1 + $S11) * 2^($R11 - 127) ) -> 3.4028241e+38
B12: 8 | C12: Normal | E12: Overflow | G12: Overflow | I12: 0 | K12: 8 | L12: Overflow | M12: 0 | N12: 11111111 | O12: 01000000000000000000010 | P12: =_xlfn.TEXTJOIN("",,$M12,$N12,$O12) -> 01111111101000000000000000000010 | Q12: =BIN2DEC($M12) -> 0 | R12: =BIN2DEC($N12) -> 255 | S12: {=SUMPRODUCT(MID($O12,ROW(INDIRECT("1:23")),1)*2^(-ROW(INDIRECT("1:23"))))} -> 0.25000024 | T12: =IF($R12=0, (-1)^$Q12 * $S12 * 2^(-126), (-1)^$Q12 * (1 + $S12) * 2^($R12 - 127) ) -> 4.2535304e+38
B13: 9 | C13: Normal | E13: Normal | G13: Normal | I13: 0 | K13: 9 | L13: Overflow | M13: 0 | N13: 11111111 | O13: 11111111111111111111111 | P13: =_xlfn.TEXTJOIN("",,$M13,$N13,$O13) -> 01111111111111111111111111111111 | Q13: =BIN2DEC($M13) -> 0 | R13: =BIN2DEC($N13) -> 255 | S13: {=SUMPRODUCT(MID($O13,ROW(INDIRECT("1:23")),1)*2^(-ROW(INDIRECT("1:23"))))} -> 0.99999988 | T13: =IF($R13=0, (-1)^$Q13 * $S13 * 2^(-126), (-1)^$Q13 * (1 + $S13) * 2^($R13 - 127) ) -> 6.8056469e+38
K14: 10 | L14: Overflow | M14: 1 | N14: 11111111 | O14: 00000000000000000000001 | P14: =_xlfn.TEXTJOIN("",,$M14,$N14,$O14) -> 11111111100000000000000000000001 | Q14: =BIN2DEC($M14) -> 1 | R14: =BIN2DEC($N14) -> 255 | S14: {=SUMPRODUCT(MID($O14,ROW(INDIRECT("1:23")),1)*2^(-ROW(INDIRECT("1:23"))))} -> 1.1920929e-07 | T14: =IF($R14=0, (-1)^$Q14 * $S14 * 2^(-126), (-1)^$Q14 * (1 + $S14) * 2^($R14 - 127) ) -> -3.4028241e+38
K15: 11 | L15: Overflow | M15: 1 | N15: 11111111 | O15: 01000000000000000000010 | P15: =_xlfn.TEXTJOIN("",,$M15,$N15,$O15) -> 11111111101000000000000000000010 | Q15: =BIN2DEC($M15) -> 1 | R15: =BIN2DEC($N15) -> 255 | S15: {=SUMPRODUCT(MID($O15,ROW(INDIRECT("1:23")),1)*2^(-ROW(INDIRECT("1:23"))))} -> 0.25000024 | T15: =IF($R15=0, (-1)^$Q15 * $S15 * 2^(-126), (-1)^$Q15 * (1 + $S15) * 2^($R15 - 127) ) -> -4.2535304e+38
K16: 12 | L16: Overflow | M16: 1 | N16: 11111111 | O16: 11111111111111111111111 | P16: =_xlfn.TEXTJOIN("",,$M16,$N16,$O16) -> 11111111111111111111111111111111 | Q16: =BIN2DEC($M16) -> 1 | R16: =BIN2DEC($N16) -> 255 | S16: {=SUMPRODUCT(MID($O16,ROW(INDIRECT("1:23")),1)*2^(-ROW(INDIRECT("1:23"))))} -> 0.99999988 | T16: =IF($R16=0, (-1)^$Q16 * $S16 * 2^(-126), (-1)^$Q16 * (1 + $S16) * 2^($R16 - 127) ) -> -6.8056469e+38
K17: 13 | L17: Normal | M17: 0 | N17: 00000000 | O17: 00000000000000000000000 | P17: =_xlfn.TEXTJOIN("",,$M17,$N17,$O17) -> 00000000000000000000000000000000 | Q17: =BIN2DEC($M17) -> 0 | R17: =BIN2DEC($N17) -> 0 | S17: {=SUMPRODUCT(MID($O17,ROW(INDIRECT("1:23")),1)*2^(-ROW(INDIRECT("1:23"))))} -> 0 | T17: =IF($R17=0, (-1)^$Q17 * $S17 * 2^(-126), (-1)^$Q17 * (1 + $S17) * 2^($R17 - 127) ) -> 0
K18: 14 | L18: Normal | M18: 1 | N18: 00000000 | O18: 00000000000000000000000 | P18: =_xlfn.TEXTJOIN("",,$M18,$N18,$O18) -> 10000000000000000000000000000000 | Q18: =BIN2DEC($M18) -> 1 | R18: =BIN2DEC($N18) -> 0 | S18: {=SUMPRODUCT(MID($O18,ROW(INDIRECT("1:23")),1)*2^(-ROW(INDIRECT("1:23"))))} -> 0 | T18: =IF($R18=0, (-1)^$Q18 * $S18 * 2^(-126), (-1)^$Q18 * (1 + $S18) * 2^($R18 - 127) ) -> 0
K19: 15 | L19: Normal | M19: 0 | N19: 00000001 | O19: 00000000000000000000000 | P19: =_xlfn.TEXTJOIN("",,$M19,$N19,$O19) -> 00000000100000000000000000000000 | Q19: =BIN2DEC($M19) -> 0 | R19: =BIN2DEC($N19) -> 1 | S19: {=SUMPRODUCT(MID($O19,ROW(INDIRECT("1:23")),1)*2^(-ROW(INDIRECT("1:23"))))} -> 0 | T19: =IF($R19=0, (-1)^$Q19 * $S19 * 2^(-126), (-1)^$Q19 * (1 + $S19) * 2^($R19 - 127) ) -> 1.1754944e-38
K20: 16 | L20: Normal | M20: 0 | N20: 00000001 | O20: 00000000000000000000001 | P20: =_xlfn.TEXTJOIN("",,$M20,$N20,$O20) -> 00000000100000000000000000000001 | Q20: =BIN2DEC($M20) -> 0 | R20: =BIN2DEC($N20) -> 1 | S20: {=SUMPRODUCT(MID($O20,ROW(INDIRECT("1:23")),1)*2^(-ROW(INDIRECT("1:23"))))} -> 1.1920929e-07 | T20: =IF($R20=0, (-1)^$Q20 * $S20 * 2^(-126), (-1)^$Q20 * (1 + $S20) * 2^($R20 - 127) ) -> 1.1754945e-38
K21: 17 | L21: Normal | M21: 0 | N21: 01111110 | O21: 00000000000000000000000 | P21: =_xlfn.TEXTJOIN("",,$M21,$N21,$O21) -> 00111111000000000000000000000000 | Q21: =BIN2DEC($M21) -> 0 | R21: =BIN2DEC($N21) -> 126 | S21: {=SUMPRODUCT(MID($O21,ROW(INDIRECT("1:23")),1)*2^(-ROW(INDIRECT("1:23"))))} -> 0 | T21: =IF($R21=0, (-1)^$Q21 * $S21 * 2^(-126), (-1)^$Q21 * (1 + $S21) * 2^($R21 - 127) ) -> 0.5
K22: 18 | L22: Normal | M22: 0 | N22: 01111111 | O22: 00000000000000000000000 | P22: =_xlfn.TEXTJOIN("",,$M22,$N22,$O22) -> 00111111100000000000000000000000 | Q22: =BIN2DEC($M22) -> 0 | R22: =BIN2DEC($N22) -> 127 | S22: {=SUMPRODUCT(MID($O22,ROW(INDIRECT("1:23")),1)*2^(-ROW(INDIRECT("1:23"))))} -> 0 | T22: =IF($R22=0, (-1)^$Q22 * $S22 * 2^(-126), (-1)^$Q22 * (1 + $S22) * 2^($R22 - 127) ) -> 1
K23: 19 | L23: Normal | M23: 0 | N23: 01111111 | O23: 10000000000000000000000 | P23: =_xlfn.TEXTJOIN("",,$M23,$N23,$O23) -> 00111111110000000000000000000000 | Q23: =BIN2DEC($M23) -> 0 | R23: =BIN2DEC($N23) -> 127 | S23: {=SUMPRODUCT(MID($O23,ROW(INDIRECT("1:23")),1)*2^(-ROW(INDIRECT("1:23"))))} -> 0.5 | T23: =IF($R23=0, (-1)^$Q23 * $S23 * 2^(-126), (-1)^$Q23 * (1 + $S23) * 2^($R23 - 127) ) -> 1.5
K24: 20 | L24: Normal | M24: 0 | N24: 010001100 | O24: 10000001110011010110111 | P24: =_xlfn.TEXTJOIN("",,$M24,$N24,$O24) -> 001000110010000001110011010110111 | Q24: =BIN2DEC($M24) -> 0 | R24: =BIN2DEC($N24) -> 140 | S24: {=SUMPRODUCT(MID($O24,ROW(INDIRECT("1:23")),1)*2^(-ROW(INDIRECT("1:23"))))} -> 0.50704086 | T24: =IF($R24=0, (-1)^$Q24 * $S24 * 2^(-126), (-1)^$Q24 * (1 + $S24) * 2^($R24 - 127) ) -> 12345.679
K25: 21 | L25: Normal | M25: 0 | N25: 11111110 | O25: 01100000111100000100010 | P25: =_xlfn.TEXTJOIN("",,$M25,$N25,$O25) -> 01111111001100000111100000100010 | Q25: =BIN2DEC($M25) -> 0 | R25: =BIN2DEC($N25) -> 254 | S25: {=SUMPRODUCT(MID($O25,ROW(INDIRECT("1:23")),1)*2^(-ROW(INDIRECT("1:23"))))} -> 0.37866616 | T25: =IF($R25=0, (-1)^$Q25 * $S25 * 2^(-126), (-1)^$Q25 * (1 + $S25) * 2^($R25 - 127) ) -> 2.3456789e+38
... K36: 32 | L36: Normal | M36: 1 | N36: 11111110 | O36: 11111111111111111111111 | P36: =_xlfn.TEXTJOIN("",,$M36,$N36,$O36) -> 11111111011111111111111111111111 | Q36: =BIN2DEC($M36) -> 1 | R36: =BIN2DEC($N36) -> 254 | S36: {=SUMPRODUCT(MID($O36,ROW(INDIRECT("1:23")),1)*2^(-ROW(INDIRECT("1:23"))))} -> 0.99999988 | T36: =IF($R36=0, (-1)^$Q36 * $S36 * 2^(-126), (-1)^$Q36 * (1 + $S36) * 2^($R36 - 127) ) -> -3.4028235e+38

Sheet Testcase
A1: Case ID | B1: catalogue | C1: Input A | G1: Input B | K1: Expected Output | M1: Actual Output
C2: Input ID | D2: Status | E2: DEC Value | F2: BIN Value | G2: Input ID | H2: Status | I2: DEC Value | J2: BIN Value | K2: DEC Value | L2: over_mul_under | M2: BIN | Q2: DEC | V2: over_mul_under | W2: Flag Correctness
M3: Value | N3: Sign | O3: Exponent | P3: Fraction | Q3: Sign | R3: Exponent | S3: Fraction | T3: Value | U3: Error
A4: 1 | B4: 1 | C4: 1 | D4: =VLOOKUP($C4,Overall!$K$5:$T$36,2) -> Underflow | E4: =VLOOKUP($C4,Overall!$K$5:$T$36,10) -> 1.4012985e-45 | F4: =VLOOKUP($C4,Overall!$K$5:$T$36,6) -> 00000000000000000000000000000001 | G4: 1 | H4: =VLOOKUP($G4,Overall!$K$5:$T$36,2) -> Underflow | I4: =VLOOKUP($G4,Overall!$K$5:$T$36,10) -> 1.4012985e-45 | J4: =VLOOKUP($G4,Overall!$K$5:$T$36,6) -> 00000000000000000000000000000001 | K4: =E4*I4 -> 1.9636374e-90 | L4: =VLOOKUP($B4,Overall!$B$5:$I$13,8) -> 0 | N4: =LEFT($M4,1) | O4: =MID($M4,2,8) | P4: =MID($M4,10,23) | Q4: =BIN2DEC($N4) -> 0 | R4: =BIN2DEC($O4) -> 0 | S4: {=SUMPRODUCT(MID($P4,ROW(INDIRECT("1:23")),1)*2^(-ROW(INDIRECT("1:23"))))} -> #VALUE! | T4: =IF($R4=0, (-1)^$Q4 * $S4 * 2^(-126), (-1)^$Q4 * (1 + $S4) * 2^($R4 - 127) ) -> #VALUE! | U4: =$T4-$K4 -> #VALUE! | W4: =IF(L4=V4,"OK","NG") -> OK
A5: 2 | B5: 1 | C5: 1 | D5: =VLOOKUP($C5,Overall!$K$5:$T$36,2) -> Underflow | E5: =VLOOKUP($C5,Overall!$K$5:$T$36,10) -> 1.4012985e-45 | F5: =VLOOKUP($C5,Overall!$K$5:$T$36,6) -> 00000000000000000000000000000001 | G5: 2 | H5: =VLOOKUP($G5,Overall!$K$5:$T$36,2) -> Underflow | I5: =VLOOKUP($G5,Overall!$K$5:$T$36,10) -> 2.9387387e-39 | J5: =VLOOKUP($G5,Overall!$K$5:$T$36,6) -> 00000000001000000000000000000010 | K5: =E5*I5 -> 4.11805e-84 | L5: =VLOOKUP($B5,Overall!$B$5:$I$13,8) -> 0 | N5: =LEFT($M5,1) | O5: =MID($M5,2,8) | P5: =MID($M5,10,23) | Q5: =BIN2DEC($N5) -> 0 | R5: =BIN2DEC($O5) -> 0 | S5: {=SUMPRODUCT(MID($P5,ROW(INDIRECT("1:23")),1)*2^(-ROW(INDIRECT("1:23"))))} -> #VALUE! | T5: =IF($R5=0, (-1)^$Q5 * $S5 * 2^(-126), (-1)^$Q5 * (1 + $S5) * 2^($R5 - 127) ) -> #VALUE! | U5: =$T5-$K5 -> #VALUE! | W5: =IF(L5=V5,"OK","NG") -> OK
A6: 3 | B6: 1 | C6: 1 | D6: =VLOOKUP($C6,Overall!$K$5:$T$36,2) -> Underflow | E6: =VLOOKUP($C6,Overall!$K$5:$T$36,10) -> 1.4012985e-45 | F6: =VLOOKUP($C6,Overall!$K$5:$T$36,6) -> 00000000000000000000000000000001 | G6: 3 | H6: =VLOOKUP($G6,Overall!$K$5:$T$36,2) -> Underflow | I6: =VLOOKUP($G6,Overall!$K$5:$T$36,10) -> 1.1754942e-38 | J6: =VLOOKUP($G6,Overall!$K$5:$T$36,6) -> 00000000011111111111111111111111 | K6: =E6*I6 -> 1.6472182e-83 | L6: =VLOOKUP($B6,Overall!$B$5:$I$13,8) -> 0 | N6: =LEFT($M6,1) | O6: =MID($M6,2,8) | P6: =MID($M6,10,23) | Q6: =BIN2DEC($N6) -> 0 | R6: =BIN2DEC($O6) -> 0 | S6: {=SUMPRODUCT(MID($P6,ROW(INDIRECT("1:23")),1)*2^(-ROW(INDIRECT("1:23"))))} -> #VALUE! | T6: =IF($R6=0, (-1)^$Q6 * $S6 * 2^(-126), (-1)^$Q6 * (1 + $S6) * 2^($R6 - 127) ) -> #VALUE! | U6: =$T6-$K6 -> #VALUE! | W6: =IF(L6=V6,"OK","NG") -> OK
A7: 4 | B7: 1 | C7: 1 | D7: =VLOOKUP($C7,Overall!$K$5:$T$36,2) -> Underflow | E7: =VLOOKUP($C7,Overall!$K$5:$T$36,10) -> 1.4012985e-45 | F7: =VLOOKUP($C7,Overall!$K$5:$T$36,6) -> 00000000000000000000000000000001 | G7: 4 | H7: =VLOOKUP($G7,Overall!$K$5:$T$36,2) -> Underflow | I7: =VLOOKUP($G7,Overall!$K$5:$T$36,10) -> -1.4012985e-45 | J7: =VLOOKUP($G7,Overall!$K$5:$T$36,6) -> 10000000000000000000000000000001 | K7: =E7*I7 -> -1.9636374e-90 | L7: =VLOOKUP($B7,Overall!$B$5:$I$13,8) -> 0 | N7: =LEFT($M7,1) | O7: =MID($M7,2,8) | P7: =MID($M7,10,23) | Q7: =BIN2DEC($N7) -> 0 | R7: =BIN2DEC($O7) -> 0 | S7: {=SUMPRODUCT(MID($P7,ROW(INDIRECT("1:23")),1)*2^(-ROW(INDIRECT("1:23"))))} -> #VALUE! | T7: =IF($R7=0, (-1)^$Q7 * $S7 * 2^(-126), (-1)^$Q7 * (1 + $S7) * 2^($R7 - 127) ) -> #VALUE! | U7: =$T7-$K7 -> #VALUE! | W7: =IF(L7=V7,"OK","NG") -> OK
A8: 5 | B8: 1 | C8: 1 | D8: =VLOOKUP($C8,Overall!$K$5:$T$36,2) -> Underflow | E8: =VLOOKUP($C8,Overall!$K$5:$T$36,10) -> 1.4012985e-45 | F8: =VLOOKUP($C8,Overall!$K$5:$T$36,6) -> 00000000000000000000000000000001 | G8: 5 | H8: =VLOOKUP($G8,Overall!$K$5:$T$36,2) -> Underflow | I8: =VLOOKUP($G8,Overall!$K$5:$T$36,10) -> -2.9387387e-39 | J8: =VLOOKUP($G8,Overall!$K$5:$T$36,6) -> 10000000001000000000000000000010 | K8: =E8*I8 -> -4.11805e-84 | L8: =VLOOKUP($B8,Overall!$B$5:$I$13,8) -> 0 | N8: =LEFT($M8,1) | O8: =MID($M8,2,8) | P8: =MID($M8,10,23) | Q8: =BIN2DEC($N8) -> 0 | R8: =BIN2DEC($O8) -> 0 | S8: {=SUMPRODUCT(MID($P8,ROW(INDIRECT("1:23")),1)*2^(-ROW(INDIRECT("1:23"))))} -> #VALUE! | T8: =IF($R8=0, (-1)^$Q8 * $S8 * 2^(-126), (-1)^$Q8 * (1 + $S8) * 2^($R8 - 127) ) -> #VALUE! | U8: =$T8-$K8 -> #VALUE! | W8: =IF(L8=V8,"OK","NG") -> OK
A9: 6 | B9: 1 | C9: 1 | D9: =VLOOKUP($C9,Overall!$K$5:$T$36,2) -> Underflow | E9: =VLOOKUP($C9,Overall!$K$5:$T$36,10) -> 1.4012985e-45 | F9: =VLOOKUP($C9,Overall!$K$5:$T$36,6) -> 00000000000000000000000000000001 | G9: 6 | H9: =VLOOKUP($G9,Overall!$K$5:$T$36,2) -> Underflow | I9: =VLOOKUP($G9,Overall!$K$5:$T$36,10) -> -1.1754942e-38 | J9: =VLOOKUP($G9,Overall!$K$5:$T$36,6) -> 10000000011111111111111111111111 | K9: =E9*I9 -> -1.6472182e-83 | L9: =VLOOKUP($B9,Overall!$B$5:$I$13,8) -> 0 | N9: =LEFT($M9,1) | O9: =MID($M9,2,8) | P9: =MID($M9,10,23) | Q9: =BIN2DEC($N9) -> 0 | R9: =BIN2DEC($O9) -> 0 | S9: {=SUMPRODUCT(MID($P9,ROW(INDIRECT("1:23")),1)*2^(-ROW(INDIRECT("1:23"))))} -> #VALUE! | T9: =IF($R9=0, (-1)^$Q9 * $S9 * 2^(-126), (-1)^$Q9 * (1 + $S9) * 2^($R9 - 127) ) -> #VALUE! | U9: =$T9-$K9 -> #VALUE! | W9: =IF(L9=V9,"OK","NG") -> OK
A10: 7 | B10: 1 | C10: 2 | D10: =VLOOKUP($C10,Overall!$K$5:$T$36,2) -> Underflow | E10: =VLOOKUP($C10,Overall!$K$5:$T$36,10) -> 2.9387387e-39 | F10: =VLOOKUP($C10,Overall!$K$5:$T$36,6) -> 00000000001000000000000000000010 | G10: 1 | H10: =VLOOKUP($G10,Overall!$K$5:$T$36,2) -> Underflow | I10: =VLOOKUP($G10,Overall!$K$5:$T$36,10) -> 1.4012985e-45 | J10: =VLOOKUP($G10,Overall!$K$5:$T$36,6) -> 00000000000000000000000000000001 | K10: =E10*I10 -> 4.11805e-84 | L10: =VLOOKUP($B10,Overall!$B$5:$I$13,8) -> 0 | N10: =LEFT($M10,1) | O10: =MID($M10,2,8) | P10: =MID($M10,10,23) | Q10: =BIN2DEC($N10) -> 0 | R10: =BIN2DEC($O10) -> 0 | S10: {=SUMPRODUCT(MID($P10,ROW(INDIRECT("1:23")),1)*2^(-ROW(INDIRECT("1:23"))))} -> #VALUE! | T10: =IF($R10=0, (-1)^$Q10 * $S10 * 2^(-126), (-1)^$Q10 * (1 + $S10) * 2^($R10 - 127) ) -> #VALUE! | U10: =$T10-$K10 -> #VALUE! | W10: =IF(L10=V10,"OK","NG") -> OK
A11: 8 | B11: 1 | C11: 2 | D11: =VLOOKUP($C11,Overall!$K$5:$T$36,2) -> Underflow | E11: =VLOOKUP($C11,Overall!$K$5:$T$36,10) -> 2.9387387e-39 | F11: =VLOOKUP($C11,Overall!$K$5:$T$36,6) -> 00000000001000000000000000000010 | G11: 2 | H11: =VLOOKUP($G11,Overall!$K$5:$T$36,2) -> Underflow | I11: =VLOOKUP($G11,Overall!$K$5:$T$36,10) -> 2.9387387e-39 | J11: =VLOOKUP($G11,Overall!$K$5:$T$36,6) -> 00000000001000000000000000000010 | K11: =E11*I11 -> 8.636185e-78 | L11: =VLOOKUP($B11,Overall!$B$5:$I$13,8) -> 0 | N11: =LEFT($M11,1) | O11: =MID($M11,2,8) | P11: =MID($M11,10,23) | Q11: =BIN2DEC($N11) -> 0 | R11: =BIN2DEC($O11) -> 0 | S11: {=SUMPRODUCT(MID($P11,ROW(INDIRECT("1:23")),1)*2^(-ROW(INDIRECT("1:23"))))} -> #VALUE! | T11: =IF($R11=0, (-1)^$Q11 * $S11 * 2^(-126), (-1)^$Q11 * (1 + $S11) * 2^($R11 - 127) ) -> #VALUE! | U11: =$T11-$K11 -> #VALUE! | W11: =IF(L11=V11,"OK","NG") -> OK
A12: 9 | B12: 1 | C12: 2 | D12: =VLOOKUP($C12,Overall!$K$5:$T$36,2) -> Underflow | E12: =VLOOKUP($C12,Overall!$K$5:$T$36,10) -> 2.9387387e-39 | F12: =VLOOKUP($C12,Overall!$K$5:$T$36,6) -> 00000000001000000000000000000010 | G12: 3 | H12: =VLOOKUP($G12,Overall!$K$5:$T$36,2) -> Underflow | I12: =VLOOKUP($G12,Overall!$K$5:$T$36,10) -> 1.1754942e-38 | J12: =VLOOKUP($G12,Overall!$K$5:$T$36,6) -> 00000000011111111111111111111111 | K12: =E12*I12 -> 3.4544703e-77 | L12: =VLOOKUP($B12,Overall!$B$5:$I$13,8) -> 0 | N12: =LEFT($M12,1) | O12: =MID($M12,2,8) | P12: =MID($M12,10,23) | Q12: =BIN2DEC($N12) -> 0 | R12: =BIN2DEC($O12) -> 0 | S12: {=SUMPRODUCT(MID($P12,ROW(INDIRECT("1:23")),1)*2^(-ROW(INDIRECT("1:23"))))} -> #VALUE! | T12: =IF($R12=0, (-1)^$Q12 * $S12 * 2^(-126), (-1)^$Q12 * (1 + $S12) * 2^($R12 - 127) ) -> #VALUE! | U12: =$T12-$K12 -> #VALUE! | W12: =IF(L12=V12,"OK","NG") -> OK
A13: 10 | B13: 1 | C13: 2 | D13: =VLOOKUP($C13,Overall!$K$5:$T$36,2) -> Underflow | E13: =VLOOKUP($C13,Overall!$K$5:$T$36,10) -> 2.9387387e-39 | F13: =VLOOKUP($C13,Overall!$K$5:$T$36,6) -> 00000000001000000000000000000010 | G13: 4 | H13: =VLOOKUP($G13,Overall!$K$5:$T$36,2) -> Underflow | I13: =VLOOKUP($G13,Overall!$K$5:$T$36,10) -> -1.4012985e-45 | J13: =VLOOKUP($G13,Overall!$K$5:$T$36,6) -> 10000000000000000000000000000001 | K13: =E13*I13 -> -4.11805e-84 | L13: =VLOOKUP($B13,Overall!$B$5:$I$13,8) -> 0 | N13: =LEFT($M13,1) | O13: =MID($M13,2,8) | P13: =MID($M13,10,23) | Q13: =BIN2DEC($N13) -> 0 | R13: =BIN2DEC($O13) -> 0 | S13: {=SUMPRODUCT(MID($P13,ROW(INDIRECT("1:23")),1)*2^(-ROW(INDIRECT("1:23"))))} -> #VALUE! | T13: =IF($R13=0, (-1)^$Q13 * $S13 * 2^(-126), (-1)^$Q13 * (1 + $S13) * 2^($R13 - 127) ) -> #VALUE! | U13: =$T13-$K13 -> #VALUE! | W13: =IF(L13=V13,"OK","NG") -> OK
A14: 11 | B14: 1 | C14: 2 | D14: =VLOOKUP($C14,Overall!$K$5:$T$36,2) -> Underflow | E14: =VLOOKUP($C14,Overall!$K$5:$T$36,10) -> 2.9387387e-39 | F14: =VLOOKUP($C14,Overall!$K$5:$T$36,6) -> 00000000001000000000000000000010 | G14: 5 | H14: =VLOOKUP($G14,Overall!$K$5:$T$36,2) -> Underflow | I14: =VLOOKUP($G14,Overall!$K$5:$T$36,10) -> -2.9387387e-39 | J14: =VLOOKUP($G14,Overall!$K$5:$T$36,6) -> 10000000001000000000000000000010 | K14: =E14*I14 -> -8.636185e-78 | L14: =VLOOKUP($B14,Overall!$B$5:$I$13,8) -> 0 | N14: =LEFT($M14,1) | O14: =MID($M14,2,8) | P14: =MID($M14,10,23) | Q14: =BIN2DEC($N14) -> 0 | R14: =BIN2DEC($O14) -> 0 | S14: {=SUMPRODUCT(MID($P14,ROW(INDIRECT("1:23")),1)*2^(-ROW(INDIRECT("1:23"))))} -> #VALUE! | T14: =IF($R14=0, (-1)^$Q14 * $S14 * 2^(-126), (-1)^$Q14 * (1 + $S14) * 2^($R14 - 127) ) -> #VALUE! | U14: =$T14-$K14 -> #VALUE! | W14: =IF(L14=V14,"OK","NG") -> OK
A15: 12 | B15: 1 | C15: 2 | D15: =VLOOKUP($C15,Overall!$K$5:$T$36,2) -> Underflow | E15: =VLOOKUP($C15,Overall!$K$5:$T$36,10) -> 2.9387387e-39 | F15: =VLOOKUP($C15,Overall!$K$5:$T$36,6) -> 00000000001000000000000000000010 | G15: 6 | H15: =VLOOKUP($G15,Overall!$K$5:$T$36,2) -> Underflow | I15: =VLOOKUP($G15,Overall!$K$5:$T$36,10) -> -1.1754942e-38 | J15: =VLOOKUP($G15,Overall!$K$5:$T$36,6) -> 10000000011111111111111111111111 | K15: =E15*I15 -> -3.4544703e-77 | L15: =VLOOKUP($B15,Overall!$B$5:$I$13,8) -> 0 | N15: =LEFT($M15,1) | O15: =MID($M15,2,8) | P15: =MID($M15,10,23) | Q15: =BIN2DEC($N15) -> 0 | R15: =BIN2DEC($O15) -> 0 | S15: {=SUMPRODUCT(MID($P15,ROW(INDIRECT("1:23")),1)*2^(-ROW(INDIRECT("1:23"))))} -> #VALUE! | T15: =IF($R15=0, (-1)^$Q15 * $S15 * 2^(-126), (-1)^$Q15 * (1 + $S15) * 2^($R15 - 127) ) -> #VALUE! | U15: =$T15-$K15 -> #VALUE! | W15: =IF(L15=V15,"OK","NG") -> OK
... A1027: 1024 | B1027: 9 | C1027: 32 | D1027: =VLOOKUP($C1027,Overall!$K$5:$T$36,2) -> Normal | E1027: =VLOOKUP($C1027,Overall!$K$5:$T$36,10) -> -3.4028235e+38 | F1027: =VLOOKUP($C1027,Overall!$K$5:$T$36,6) -> 11111111011111111111111111111111 | G1027: 32 | H1027: =VLOOKUP($G1027,Overall!$K$5:$T$36,2) -> Normal | I1027: =VLOOKUP($G1027,Overall!$K$5:$T$36,10) -> -3.4028235e+38 | J1027: =VLOOKUP($G1027,Overall!$K$5:$T$36,6) -> 11111111011111111111111111111111 | K1027: =E1027*I1027 -> 1.1579208e+77 | L1027: =VLOOKUP($B1027,Overall!$B$5:$I$13,8) -> 0 | N1027: =LEFT($M1027,1) | O1027: =MID($M1027,2,8) | P1027: =MID($M1027,10,23) | Q1027: =BIN2DEC($N1027) -> 0 | R1027: =BIN2DEC($O1027) -> 0 | S1027: {=SUMPRODUCT(MID($P1027,ROW(INDIRECT("1:23")),1)*2^(-ROW(INDIRECT("1:23"))))} -> #VALUE! | T1027: =IF($R1027=0, (-1)^$Q1027 * $S1027 * 2^(-126), (-1)^$Q1027 * (1 + $S1027) * 2^($R1027 - 127) ) -> #VALUE! | U1027: =$T1027-$K1027 -> #VALUE! | W1027: =IF(L1027=V1027,"OK","NG") -> OK
